{"cameraMode":{"drawMode":0,"name":"Shaded","section":"Shading Mode"},"sceneLighting":true,"audioPlay":false,"sceneViewState":{"m_AlwaysRefresh":false,"showFog":true,"showSkybox":true,"showFlares":true,"showImageEffects":true,"showParticleSystems":true,"showVisualEffectGraphs":true,"m_FxEnabled":true},"in2DMode":false,"pivot":{"x":-1.808119297027588,"y":-2.037755012512207,"z":0.05643653869628906},"rotation":{"x":0.14596952497959138,"y":-0.1933637261390686,"z":0.029095381498336793,"w":0.9697410464286804},"size":15.640327453613282,"orthographic":true}