{"cameraMode":{"drawMode":0,"name":"Shaded","section":"Shading Mode"},"sceneLighting":true,"audioPlay":false,"sceneViewState":{"m_AlwaysRefresh":false,"showFog":true,"showSkybox":true,"showFlares":true,"showImageEffects":true,"showParticleSystems":true,"showVisualEffectGraphs":true,"m_FxEnabled":true},"in2DMode":false,"pivot":{"x":-3.6409595012664797,"y":5.179342269897461,"z":-2.9983625411987306},"rotation":{"x":0.2949374318122864,"y":0.0025646763388067486,"z":-0.0007991669117473066,"w":0.9554774761199951},"size":30.745508193969728,"orthographic":true}